restaurant_id,inspection_date,result,inspector_id,cuisine_type,seating_capacity,ownership_type,county,days_since_last_inspection,prior_critical_count,renovation_disclosed,complaint_text,neighborhood_median_income
R0001,2024-11-23,minor,I015,American,58,independent,DuPage,230,1,,no complaints filed in past 90 days,81680
R0002,2024-04-21,pass,I030,Cafe,79,independent,Peoria,447,0,,,92240
R0003,2024-01-04,pass,I021,Seafood,49,chain,DuPage,453,0,No,routine check; nothing unusual reported,30267
R0004,2024-10-01,pass,I016,Seafood,21,independent,Peoria,297,2,,no complaints filed in past 90 days,91833
R0005,2024-02-05,pass,I006,Pizza,74,independent,DuPage,60,0,,,68609
R0006,2024-12-09,pass,I035,Mexican,41,independent,Peoria,350,0,,,48971
R0007,2024-10-12,pass,I029,BBQ,93,independent,Cook,105,1,,,106488
R0008,2024-06-10,pass,I028,Bakery,91,chain,Winnebago,426,1,,minor signage issue noted on previous visit,71434
R0009,2024-08-07,critical,I075,Seafood,8,independent,Peoria,837,0,,manager certificate expired (renewing),70144
R0010,2024-12-14,minor,I055,Mexican,44,chain,Kendall,198,0,,minor signage issue noted on previous visit,47992
R0011,2024-12-14,pass,I015,Cafe,60,chain,DuPage,60,0,Yes,,105060
R0012,2024-09-13,pass,I023,Cafe,39,independent,Will,481,0,,manager certificate expired (renewing),40035
R0013,2024-09-28,pass,I001,BBQ,42,chain,Will,371,0,,routine check; nothing unusual reported,53875
R0014,2024-02-05,pass,I069,Asian,54,independent,Winnebago,467,0,,minor signage issue noted on previous visit,57667
R0015,2024-10-03,minor,I026,Mediterranean,17,chain,Winnebago,524,2,,,62105
R0016,2024-10-10,minor,I030,Pizza,72,independent,DuPage,348,0,No,,54603
R0017,2024-05-01,pass,I036,Bakery,64,chain,Lake,458,1,,manager certificate expired (renewing),65633
R0018,2024-08-04,minor,I053,Bakery,74,independent,DuPage,634,1,Yes,,75199
R0019,2024-08-17,pass,I018,Seafood,75,independent,Winnebago,548,1,,,88110
R0020,2024-01-08,minor,I012,Pizza,89,independent,Kendall,240,0,No,manager certificate expired (renewing),63374
R0021,2024-07-18,minor,I034,Bakery,48,chain,Kane,636,0,,manager certificate expired (renewing),95495
R0022,2024-06-09,minor,I008,American,80,chain,Peoria,558,0,,no complaints filed in past 90 days,48864
R0023,2024-02-05,pass,I077,Mexican,48,independent,Sangamon,247,0,,,45220
R0024,2024-09-24,pass,I041,Mediterranean,35,independent,McHenry,377,1,,manager certificate expired (renewing),84028
R0025,2024-02-07,pass,I002,Bakery,27,independent,DuPage,205,0,,,75723
R0026,2024-05-05,pass,I048,Mediterranean,83,independent,Winnebago,505,0,,no complaints filed in past 90 days,32334
R0027,2024-01-05,pass,I086,Cafe,44,independent,Will,617,0,Yes,minor signage issue noted on previous visit,57804
R0028,2024-04-14,pass,I088,Mediterranean,107,chain,Will,653,0,,,38150
R0029,2024-01-02,pass,I043,Asian,42,chain,Peoria,258,1,,no complaints filed in past 90 days,102433
R0030,2024-03-17,pass,I070,American,114,chain,Sangamon,184,0,,,54443
R0031,2024-01-21,minor,I046,Pizza,38,chain,Peoria,122,2,,,52743
R0032,2024-03-24,pass,I023,Seafood,46,independent,Kane,351,2,,,42301
R0033,2024-05-07,pass,I035,Asian,63,independent,Winnebago,281,0,,minor signage issue noted on previous visit,43806
R0034,2024-04-26,pass,I029,American,67,independent,Kendall,195,3,,routine check; nothing unusual reported,100764
R0035,2024-07-23,pass,I087,Cafe,55,chain,Kane,402,0,,,90790
R0036,2024-06-09,pass,I056,Cafe,71,independent,Kendall,459,0,,routine check; nothing unusual reported,53567
R0037,2024-10-02,pass,I088,Pizza,51,chain,Sangamon,416,0,,manager certificate expired (renewing),58487
R0038,2024-07-28,pass,I042,Seafood,30,chain,Peoria,496,2,,routine check; nothing unusual reported,78480
R0039,2024-11-11,pass,I073,Mediterranean,8,chain,Will,554,0,,,46792
R0040,2024-12-11,minor,I028,Cafe,40,chain,Kane,285,1,,,46893
R0041,2024-04-30,pass,I087,Mediterranean,63,independent,Cook,483,0,,minor signage issue noted on previous visit,67017
R0042,2024-11-18,pass,I074,Pizza,48,chain,Winnebago,282,1,,no complaints filed in past 90 days,69329
R0043,2024-02-24,critical,I055,Pizza,99,chain,Cook,769,0,,thermometer missing in reach-in cooler,70510
R0044,2024-09-28,pass,I072,BBQ,72,chain,Sangamon,515,0,,no complaints filed in past 90 days,28000
R0045,2024-03-22,pass,I061,Bakery,58,chain,Peoria,500,0,,,29665
R0046,2024-06-20,pass,I041,Cafe,80,independent,Kane,468,0,,no complaints filed in past 90 days,79558
R0047,2024-06-18,pass,I070,Bakery,39,chain,Kendall,426,2,,,47443
R0048,2024-07-13,minor,I062,American,8,chain,Will,372,3,,manager certificate expired (renewing),28000
R0049,2024-10-06,pass,I078,Pizza,32,chain,Cook,375,0,,manager certificate expired (renewing),72518
R0050,2024-03-06,pass,I080,Cafe,8,independent,Kendall,142,0,,,44288
R0051,2024-04-03,pass,I007,Mediterranean,42,chain,McHenry,450,1,,manager certificate expired (renewing),62524
R0052,2024-02-11,pass,I061,American,8,independent,McHenry,375,3,Yes,minor signage issue noted on previous visit,70186
R0053,2024-04-12,critical,I003,Asian,62,independent,Sangamon,568,2,,improper handwashing observed,61172
R0054,2024-02-28,minor,I021,Mediterranean,93,independent,Sangamon,518,1,,,65056
R0055,2024-04-11,pass,I010,Pizza,108,independent,Sangamon,550,1,,routine check; nothing unusual reported,42938
R0056,2024-06-23,pass,I002,Seafood,74,chain,DuPage,208,2,,minor signage issue noted on previous visit,70463
R0057,2024-03-31,pass,I067,Mediterranean,8,chain,Winnebago,95,0,,,57042
R0058,2024-02-14,pass,I036,Bakery,127,independent,Winnebago,122,0,,minor signage issue noted on previous visit,48114
R0059,2024-09-06,minor,I028,BBQ,69,chain,Peoria,208,0,,,92148
R0060,2024-05-03,minor,I061,Bakery,88,chain,Cook,471,1,,,70594
R0061,2024-08-30,critical,I071,Cafe,8,chain,McHenry,870,1,,,61901
R0062,2024-03-02,pass,I069,Asian,77,independent,Lake,354,0,,minor signage issue noted on previous visit,44345
R0063,2024-02-21,minor,I025,Mediterranean,63,independent,Peoria,477,0,Yes,,29877
R0064,2024-09-08,pass,I014,American,42,chain,Winnebago,202,3,,,64677
R0065,2024-02-28,pass,I009,Seafood,14,independent,Kane,377,0,,,38678
R0066,2024-08-01,pass,I078,Pizza,165,chain,Winnebago,491,0,,manager certificate expired (renewing),51950
R0067,2024-01-31,pass,I079,Mexican,82,independent,Will,325,1,Yes,manager certificate expired (renewing),49841
R0068,2024-12-18,pass,I077,Bakery,53,chain,Cook,397,1,,,96236
R0069,2024-05-15,pass,I081,Pizza,20,independent,Will,467,1,Yes,manager certificate expired (renewing),69828
R0070,2024-05-27,pass,I057,Mexican,14,chain,Will,231,0,,minor signage issue noted on previous visit,28000
R0071,2024-01-21,pass,I056,BBQ,53,independent,Sangamon,340,0,No,no complaints filed in past 90 days,28866
R0072,2024-09-22,pass,I084,Bakery,32,chain,Kane,557,1,,,61548
R0073,2024-07-28,pass,I043,BBQ,26,chain,Kendall,60,1,,,99955
R0074,2024-08-20,pass,I012,BBQ,38,chain,McHenry,596,2,,manager certificate expired (renewing),87201
R0075,2024-10-04,pass,I060,Seafood,99,chain,Winnebago,437,1,,,28000
R0076,2024-12-23,pass,I063,Mexican,35,independent,Sangamon,451,0,No,no complaints filed in past 90 days,29042
R0077,2024-02-28,pass,I060,Mexican,47,chain,Peoria,281,1,,,37278
R0078,2024-03-15,pass,I050,Pizza,64,independent,DuPage,312,0,,,100340
R0079,2024-01-02,pass,I037,Mediterranean,84,chain,Kane,162,0,,,43519
R0080,2024-06-13,minor,I025,Pizza,111,chain,Lake,479,0,,,44209
R0081,2024-07-14,pass,I050,Asian,50,chain,DuPage,366,2,,,38012
R0082,2024-07-28,pass,I084,Asian,53,independent,Winnebago,392,0,,,45073
R0083,2024-06-17,pass,I087,Cafe,37,chain,Peoria,472,0,No,,98457
R0084,2024-02-20,minor,I082,Mexican,59,chain,Kane,230,0,,,28000
R0085,2024-07-10,minor,I056,Asian,61,independent,Kane,550,0,,manager certificate expired (renewing),37323
R0086,2024-10-25,pass,I019,Pizza,95,chain,Will,106,2,,,70197
R0087,2024-10-06,pass,I021,Mexican,29,chain,Kendall,424,1,,no complaints filed in past 90 days,34820
R0088,2024-02-24,pass,I031,Seafood,187,chain,Sangamon,285,0,,,94697
R0089,2024-01-05,pass,I073,American,108,chain,Lake,206,0,,routine check; nothing unusual reported,41971
R0090,2024-12-03,pass,I088,Asian,23,independent,Cook,294,0,,routine check; nothing unusual reported,84113
R0091,2024-05-31,pass,I042,Seafood,68,chain,Peoria,450,0,,no complaints filed in past 90 days,86929
R0092,2024-05-31,critical,I044,Mexican,126,chain,DuPage,662,1,,thermometer missing in reach-in cooler,106352
R0093,2024-10-12,pass,I047,Mexican,61,independent,Winnebago,335,0,,,60355
R0094,2024-07-09,pass,I014,Pizza,94,chain,Cook,60,0,,manager certificate expired (renewing),28000
R0095,2024-11-21,pass,I060,Mediterranean,49,independent,Cook,292,0,,,99657
R0096,2024-08-20,pass,I048,Cafe,101,chain,Sangamon,359,0,No,minor signage issue noted on previous visit,49268
R0097,2024-05-23,minor,I005,BBQ,67,independent,McHenry,556,0,,,28000
R0098,2024-07-22,pass,I036,Pizza,33,independent,Winnebago,469,1,,,70274
R0099,2024-06-19,pass,I032,Asian,65,independent,Sangamon,246,0,,routine check; nothing unusual reported,56110
R0100,2024-01-02,minor,I036,Asian,77,independent,Peoria,364,1,Yes,manager certificate expired (renewing),75624
R0101,2024-05-01,pass,I076,BBQ,87,independent,Kendall,378,0,,,28000
R0102,2024-02-25,critical,I058,Cafe,69,independent,Sangamon,668,2,,soap dispensers empty in employee bathroom,72352
R0103,2024-01-16,pass,I008,Bakery,81,independent,Winnebago,209,1,,,77641
R0104,2024-03-05,minor,I036,Cafe,41,chain,Kendall,586,0,,manager certificate expired (renewing),61086
R0105,2024-12-25,minor,I015,Cafe,55,chain,Lake,241,0,,,33381
R0106,2024-06-09,minor,I086,Mediterranean,93,chain,Kane,286,0,No,,38992
R0107,2024-07-09,pass,I017,Cafe,141,chain,DuPage,530,0,,minor signage issue noted on previous visit,83509
R0108,2024-01-27,pass,I037,Mediterranean,46,chain,DuPage,255,1,,routine check; nothing unusual reported,54844
R0109,2024-10-11,pass,I048,Mexican,63,chain,Peoria,130,3,,no complaints filed in past 90 days,38137
R0110,2024-12-02,pass,I035,American,27,independent,Will,319,0,Yes,,43914
R0111,2024-07-24,minor,I009,Asian,54,independent,Peoria,60,0,,,50566
R0112,2024-10-17,pass,I077,Mexican,88,independent,Kane,502,1,,,87494
R0113,2024-09-05,pass,I078,Bakery,39,independent,McHenry,429,0,,,50964
R0114,2024-01-24,minor,I029,Seafood,23,independent,Cook,487,1,,,112880
R0115,2024-03-02,pass,I001,Bakery,59,chain,Peoria,253,1,,manager certificate expired (renewing),81932
R0116,2024-01-22,pass,I056,American,8,chain,DuPage,517,0,,,40046
R0117,2024-02-28,pass,I052,American,81,chain,McHenry,341,0,,routine check; nothing unusual reported,63231
R0118,2024-07-21,pass,I040,BBQ,106,independent,McHenry,378,1,,minor signage issue noted on previous visit,53376
R0119,2024-06-27,pass,I045,Asian,61,independent,Kane,465,0,,,54314
R0120,2024-09-09,minor,I060,Bakery,41,chain,McHenry,404,0,,manager certificate expired (renewing),68723
R0121,2024-01-29,pass,I046,Cafe,94,independent,Cook,455,0,,manager certificate expired (renewing),28000
R0122,2024-10-31,pass,I065,Seafood,8,chain,Sangamon,64,2,,minor signage issue noted on previous visit,48955
R0123,2024-11-29,pass,I025,BBQ,27,independent,Winnebago,234,0,,,42709
R0124,2024-03-29,pass,I006,Pizza,106,chain,Winnebago,120,0,,minor signage issue noted on previous visit,57452
R0125,2024-06-22,pass,I087,American,72,independent,McHenry,112,0,,,54486
R0126,2024-11-04,pass,I020,BBQ,114,independent,Sangamon,157,0,,,28000
R0127,2024-03-07,pass,I077,Mexican,47,chain,Kane,527,1,,,59642
R0128,2024-11-26,minor,I086,Seafood,8,chain,Cook,291,0,,minor signage issue noted on previous visit,72542
R0129,2024-04-25,pass,I018,Asian,119,independent,Peoria,526,1,,manager certificate expired (renewing),66544
R0130,2024-11-12,pass,I017,Seafood,53,independent,Kane,481,0,,,92661
R0131,2024-01-23,pass,I053,BBQ,48,chain,Sangamon,246,0,,,36200
R0132,2024-08-28,pass,I025,BBQ,73,chain,Winnebago,403,0,,,28000
R0133,2024-04-12,pass,I078,Asian,68,chain,McHenry,322,0,Yes,manager certificate expired (renewing),53840
R0134,2024-09-19,pass,I019,Seafood,117,independent,Lake,517,2,,,28000
R0135,2024-07-10,pass,I031,Seafood,93,independent,McHenry,358,2,,no complaints filed in past 90 days,39098
R0136,2024-05-26,pass,I061,Asian,9,chain,Winnebago,72,0,,,30293
R0137,2024-11-07,pass,I068,Seafood,82,chain,DuPage,460,0,,,68622
R0138,2024-09-12,pass,I077,Cafe,22,independent,Peoria,109,0,No,,46086
R0139,2024-08-01,pass,I024,Mexican,27,independent,Kendall,339,2,No,no complaints filed in past 90 days,78709
R0140,2024-02-04,minor,I045,Pizza,56,independent,Sangamon,349,0,,,42304
R0141,2024-03-30,pass,I088,Bakery,99,independent,Kane,340,0,,,44307
R0142,2024-04-12,pass,I006,BBQ,67,chain,Peoria,99,0,Yes,,86134
R0143,2024-01-25,critical,I084,BBQ,50,chain,Kendall,684,1,,routine check; nothing unusual reported,28000
R0144,2024-09-11,pass,I048,Cafe,121,chain,DuPage,354,0,,,53171
R0145,2024-06-13,minor,I014,Mexican,46,chain,Sangamon,497,1,No,,58144
R0146,2024-06-29,pass,I079,Seafood,68,chain,Cook,593,0,,manager certificate expired (renewing),76235
R0147,2024-01-16,pass,I019,Bakery,72,chain,McHenry,379,0,,,35803
R0148,2024-07-09,pass,I057,Mexican,27,independent,Peoria,260,0,,,76182
R0149,2024-04-05,pass,I064,Cafe,25,chain,Will,515,1,,minor signage issue noted on previous visit,36169
R0150,2024-04-12,critical,I016,Asian,25,independent,Winnebago,497,5,,refrigerator temperature too high; reading 52F,92752
R0151,2024-06-12,pass,I086,BBQ,48,chain,Will,144,1,,no complaints filed in past 90 days,90137
R0152,2024-09-17,pass,I029,Mexican,38,independent,Kane,382,0,,,87590
R0153,2024-10-09,minor,I017,Mexican,92,chain,Peoria,437,0,,manager certificate expired (renewing),51852
R0154,2024-02-07,minor,I058,Bakery,51,chain,Kane,590,1,Yes,no complaints filed in past 90 days,35426
R0155,2024-01-29,pass,I016,Cafe,72,chain,Lake,453,0,,routine check; nothing unusual reported,95609
R0156,2024-11-21,pass,I071,Mediterranean,18,independent,Will,305,1,,routine check; nothing unusual reported,55582
R0157,2024-03-28,pass,I085,BBQ,84,independent,DuPage,171,0,,no complaints filed in past 90 days,33715
R0158,2024-08-01,minor,I080,American,36,chain,Peoria,253,0,,no complaints filed in past 90 days,115414
R0159,2024-06-01,minor,I059,Mexican,52,chain,Winnebago,267,0,,,89099
R0160,2024-06-25,pass,I052,Asian,114,chain,Peoria,218,0,,,54713
R0161,2024-02-19,pass,I007,Mediterranean,125,chain,Lake,243,3,,,81906
R0162,2024-04-07,pass,I021,Bakery,8,chain,Winnebago,518,0,,,44226
R0163,2024-05-03,pass,I028,BBQ,87,chain,Will,409,0,,no complaints filed in past 90 days,28000
R0164,2024-07-25,pass,I047,American,90,chain,Cook,257,0,No,minor signage issue noted on previous visit,55813
R0165,2024-05-23,pass,I080,Mexican,70,chain,McHenry,423,0,,,80423
R0166,2024-01-21,pass,I006,American,97,independent,McHenry,437,0,,,36886
R0167,2024-11-09,pass,I041,Asian,22,chain,Sangamon,520,0,,minor signage issue noted on previous visit,28155
R0168,2024-01-09,pass,I048,BBQ,48,independent,Kendall,87,1,,,42284
R0169,2024-08-30,pass,I034,Pizza,51,independent,Peoria,130,0,,routine check; nothing unusual reported,68743
R0170,2024-01-17,pass,I074,Mexican,43,independent,Cook,190,0,,no complaints filed in past 90 days,70297
R0171,2024-11-09,pass,I061,American,48,chain,Winnebago,155,0,,routine check; nothing unusual reported,84519
R0172,2024-06-30,pass,I087,Mediterranean,128,chain,Lake,505,0,,,57286
R0173,2024-05-27,pass,I027,Bakery,46,chain,Will,517,0,,,28000
R0174,2024-03-15,pass,I038,American,127,chain,DuPage,254,0,,routine check; nothing unusual reported,81550
R0175,2024-10-02,minor,I035,Cafe,53,independent,Lake,272,0,,no complaints filed in past 90 days,64438
R0176,2024-06-18,critical,I061,Mexican,85,independent,Cook,849,0,,found rodent droppings near prep area,48568
R0177,2024-08-31,pass,I062,Pizza,61,chain,Cook,216,2,Yes,routine check; nothing unusual reported,28000
R0178,2024-03-30,pass,I054,Asian,47,independent,Kendall,392,1,,routine check; nothing unusual reported,48272
R0179,2024-01-20,pass,I002,Mediterranean,44,chain,Will,329,0,,routine check; nothing unusual reported,28000
R0180,2024-09-15,minor,I060,Mediterranean,48,independent,DuPage,223,1,,no complaints filed in past 90 days,93172
R0181,2024-06-21,pass,I038,Pizza,91,chain,Kendall,681,0,Yes,minor signage issue noted on previous visit,66825
R0182,2024-05-07,pass,I001,Mediterranean,77,chain,Lake,231,0,,minor signage issue noted on previous visit,67695
R0183,2024-05-13,pass,I084,BBQ,55,independent,Winnebago,304,0,,no complaints filed in past 90 days,28000
R0184,2024-06-08,minor,I016,Mediterranean,58,chain,Sangamon,447,0,,,116338
R0185,2024-07-10,pass,I054,Cafe,110,independent,Lake,207,1,,,68249
R0186,2024-07-04,pass,I010,Mexican,18,independent,Peoria,464,0,No,manager certificate expired (renewing),53527
R0187,2024-04-15,pass,I075,Bakery,95,independent,Winnebago,481,0,,no complaints filed in past 90 days,36095
R0188,2024-06-06,minor,I003,Seafood,42,chain,Cook,358,0,,no complaints filed in past 90 days,33098
R0189,2024-01-31,pass,I009,Bakery,95,independent,Kendall,401,0,,routine check; nothing unusual reported,28000
R0190,2024-02-11,critical,I088,Cafe,84,independent,McHenry,780,0,Yes,no complaints filed in past 90 days,108903
R0191,2024-01-12,pass,I039,Bakery,39,chain,Lake,164,0,,minor signage issue noted on previous visit,53689
R0192,2024-02-27,pass,I005,Seafood,141,independent,Lake,387,0,,no complaints filed in past 90 days,71762
R0193,2024-01-25,pass,I032,American,39,independent,Cook,440,0,,,66869
R0194,2024-10-22,critical,I077,BBQ,137,independent,Will,738,0,,refrigerator temperature too high; reading 52F,28000
R0195,2024-10-12,pass,I076,Asian,34,chain,Cook,229,3,,manager certificate expired (renewing),43680
R0196,2024-08-01,pass,I053,Asian,8,chain,Kendall,455,0,,,87011
R0197,2024-03-14,pass,I060,American,8,independent,Kendall,184,0,,,31948
R0198,2024-02-17,pass,I069,Pizza,8,independent,Will,189,0,Yes,manager certificate expired (renewing),82911
R0199,2024-06-19,pass,I039,American,65,independent,Winnebago,478,2,,,55666
R0200,2024-06-13,pass,I037,Seafood,26,chain,Peoria,273,0,,,46804
R0201,2024-08-28,minor,I041,Pizza,35,independent,Kane,500,0,,minor signage issue noted on previous visit,31676
R0202,2024-04-10,minor,I043,Pizza,31,chain,Sangamon,470,1,,,39592
R0203,2024-09-07,pass,I083,Bakery,8,chain,Kane,436,0,,manager certificate expired (renewing),80586
R0204,2024-01-31,minor,I068,American,127,independent,Cook,381,1,,,39405
R0205,2024-01-05,pass,I028,Cafe,48,chain,Winnebago,382,0,,routine check; nothing unusual reported,58570
R0206,2024-10-01,pass,I037,American,63,chain,Kane,428,0,No,routine check; nothing unusual reported,68167
R0207,2024-05-16,pass,I051,Mexican,35,independent,Lake,496,0,,,121533
R0208,2024-01-17,pass,I012,Seafood,112,chain,Kendall,307,0,No,,59569
R0209,2024-11-26,minor,I043,Mexican,121,independent,Lake,117,2,,,46022
R0210,2024-12-16,pass,I036,Cafe,48,independent,Kane,506,3,,routine check; nothing unusual reported,53726
R0211,2024-12-30,minor,I051,Mexican,46,chain,Peoria,585,0,,manager certificate expired (renewing),103914
R0212,2024-09-13,pass,I045,American,140,independent,Kendall,373,0,,routine check; nothing unusual reported,70693
R0213,2024-06-16,pass,I004,Mediterranean,68,independent,McHenry,172,0,,minor signage issue noted on previous visit,73477
R0214,2024-11-12,pass,I038,Pizza,102,independent,DuPage,345,1,No,manager certificate expired (renewing),83374
R0215,2024-02-24,pass,I012,American,95,chain,DuPage,296,0,No,routine check; nothing unusual reported,37302
R0216,2024-02-15,pass,I046,Cafe,45,independent,Sangamon,234,0,,no complaints filed in past 90 days,50741
R0217,2024-02-13,pass,I072,Pizza,40,chain,Kane,317,0,,routine check; nothing unusual reported,54053
R0218,2024-08-03,pass,I039,Bakery,60,independent,McHenry,363,0,,,78554
R0219,2024-02-24,pass,I018,Mediterranean,95,chain,McHenry,372,0,,minor signage issue noted on previous visit,76230
R0220,2024-06-02,minor,I042,Pizza,14,chain,McHenry,444,0,,minor signage issue noted on previous visit,81920
R0221,2024-10-21,minor,I032,BBQ,14,chain,McHenry,597,0,,,38877
R0222,2024-10-08,pass,I004,Bakery,35,independent,Winnebago,465,0,,manager certificate expired (renewing),28000
R0223,2024-12-10,minor,I064,Asian,42,independent,Kendall,265,1,No,,38350
R0224,2024-12-20,pass,I054,Cafe,38,independent,McHenry,266,0,,manager certificate expired (renewing),28000
R0225,2024-05-07,critical,I085,BBQ,84,chain,McHenry,579,3,,improper handwashing observed,78986
R0226,2024-09-22,pass,I072,Pizza,61,chain,McHenry,124,0,,no complaints filed in past 90 days,85917
R0227,2024-01-13,critical,I062,Mexican,37,independent,DuPage,753,1,,found rodent droppings near prep area,50317
R0228,2024-09-23,pass,I062,BBQ,86,chain,DuPage,107,0,,,74874
R0229,2024-02-28,minor,I003,BBQ,28,independent,Lake,148,0,,no complaints filed in past 90 days,50699
R0230,2024-07-26,pass,I081,Asian,92,independent,Kendall,131,2,,,83945
R0231,2024-01-03,pass,I028,Pizza,50,independent,Sangamon,641,0,,manager certificate expired (renewing),69539
R0232,2024-05-14,pass,I086,Bakery,88,chain,Sangamon,227,0,,,76146
R0233,2024-03-29,pass,I087,Mediterranean,100,independent,McHenry,247,0,,minor signage issue noted on previous visit,75816
R0234,2024-08-02,pass,I077,Asian,109,chain,Kendall,465,1,,minor signage issue noted on previous visit,90743
R0235,2024-10-11,pass,I022,Bakery,54,chain,Sangamon,477,0,,no complaints filed in past 90 days,73899
R0236,2024-10-14,pass,I065,Bakery,61,chain,Winnebago,67,0,Yes,manager certificate expired (renewing),83292
R0237,2024-04-22,pass,I038,American,53,independent,Winnebago,585,0,,manager certificate expired (renewing),35703
R0238,2024-05-17,pass,I070,BBQ,61,independent,Winnebago,60,0,,,42874
R0239,2024-06-01,critical,I005,Bakery,54,independent,Winnebago,722,2,Yes,refrigerator temperature too high; reading 52F,70976
R0240,2024-12-29,minor,I079,Seafood,115,independent,Sangamon,443,0,No,,73487
R0241,2024-11-01,minor,I069,Asian,35,chain,Sangamon,616,0,,routine check; nothing unusual reported,95041
R0242,2024-07-29,pass,I008,Mediterranean,55,independent,Kane,365,1,,no complaints filed in past 90 days,96683
R0243,2024-09-07,pass,I019,Mediterranean,36,independent,DuPage,239,0,,minor signage issue noted on previous visit,46655
R0244,2024-09-06,pass,I042,American,8,independent,Winnebago,180,1,,no complaints filed in past 90 days,36510
R0245,2024-08-07,critical,I028,Bakery,52,chain,Peoria,700,0,,no complaints filed in past 90 days,41893
R0246,2024-01-25,minor,I006,Mexican,62,chain,Cook,617,0,No,,92569
R0247,2024-12-18,critical,I017,Mediterranean,104,chain,DuPage,716,1,,minor signage issue noted on previous visit,29011
R0248,2024-07-21,minor,I081,Mediterranean,114,independent,Kendall,207,0,,minor signage issue noted on previous visit,33560
R0249,2024-04-25,pass,I067,Bakery,113,independent,Kendall,381,1,,,63255
R0250,2024-02-22,pass,I041,BBQ,75,chain,Kane,120,2,,,89087
R0251,2024-02-05,pass,I068,American,43,chain,Lake,296,0,No,routine check; nothing unusual reported,44270
R0252,2024-02-21,minor,I018,Mexican,34,chain,McHenry,517,0,,,57624
R0253,2024-10-10,pass,I077,Mediterranean,69,chain,Lake,93,0,,minor signage issue noted on previous visit,61750
R0254,2024-05-02,pass,I064,Seafood,30,independent,Lake,123,0,,,62077
R0255,2024-06-11,pass,I017,Seafood,89,chain,Peoria,185,1,,no complaints filed in past 90 days,98203
R0256,2024-02-04,critical,I002,Mediterranean,43,independent,Cook,752,0,,evidence of pest activity in dry storage,36935
R0257,2024-07-31,minor,I055,Seafood,97,independent,Will,475,0,Yes,routine check; nothing unusual reported,74619
R0258,2024-10-27,minor,I082,Mexican,56,chain,Kendall,321,0,No,manager certificate expired (renewing),28000
R0259,2024-11-09,minor,I078,American,39,independent,DuPage,640,0,Yes,routine check; nothing unusual reported,90038
R0260,2024-05-12,pass,I022,BBQ,134,independent,Will,355,2,,manager certificate expired (renewing),51035
R0261,2024-09-25,pass,I009,Mediterranean,49,independent,Winnebago,135,0,,,33539
R0262,2024-05-10,critical,I014,Mexican,60,independent,Peoria,721,0,No,raw chicken stored above ready-to-eat foods,62702
R0263,2024-03-17,pass,I023,American,8,chain,Lake,234,0,,,58751
R0264,2024-07-09,pass,I016,Cafe,32,independent,Kane,401,0,,,88120
R0265,2024-05-24,minor,I040,BBQ,93,chain,Lake,467,0,,manager certificate expired (renewing),60926
R0266,2024-09-09,minor,I026,Cafe,33,independent,Kane,549,0,,no complaints filed in past 90 days,62905
R0267,2024-01-05,minor,I043,American,61,chain,DuPage,190,0,,no complaints filed in past 90 days,28000
R0268,2024-03-13,critical,I036,Mexican,103,independent,Lake,539,1,,,45972
R0269,2024-02-13,pass,I075,Mexican,10,chain,DuPage,356,0,Yes,manager certificate expired (renewing),63420
R0270,2024-07-20,pass,I042,BBQ,87,chain,Will,409,0,,,114469
R0271,2024-02-24,pass,I022,Bakery,25,chain,Lake,403,0,,,67750
R0272,2024-06-04,minor,I078,American,47,independent,McHenry,534,3,,minor signage issue noted on previous visit,89833
R0273,2024-06-02,pass,I034,Asian,94,chain,Peoria,400,1,,,28000
R0274,2024-01-07,pass,I008,Pizza,74,independent,Lake,442,0,,minor signage issue noted on previous visit,43004
R0275,2024-05-12,pass,I010,American,83,chain,Kane,362,0,,,66067
R0276,2024-01-26,pass,I022,Seafood,43,chain,Winnebago,633,0,,,68144
R0277,2024-05-23,pass,I058,Asian,107,independent,Will,419,0,,manager certificate expired (renewing),52654
R0278,2024-08-02,pass,I026,Cafe,61,independent,Peoria,515,1,,no complaints filed in past 90 days,28000
R0279,2024-09-05,pass,I045,Cafe,47,independent,McHenry,493,0,No,,125407
R0280,2024-10-26,pass,I030,Asian,98,independent,Lake,286,1,,manager certificate expired (renewing),47560
R0281,2024-04-22,critical,I074,Seafood,19,independent,Kane,637,0,,expired dairy in walk-in cooler,60451
R0282,2024-12-26,pass,I046,Asian,27,independent,Winnebago,257,0,Yes,,58423
R0283,2024-09-01,pass,I001,BBQ,80,independent,McHenry,305,1,,,72862
R0284,2024-10-27,pass,I019,Mexican,34,chain,DuPage,64,0,No,,99441
R0285,2024-03-21,pass,I056,Bakery,47,chain,Lake,275,1,,,36150
R0286,2024-03-31,pass,I001,Seafood,99,independent,Kane,60,3,,,32262
R0287,2024-09-11,pass,I019,BBQ,59,chain,Kane,232,1,,minor signage issue noted on previous visit,76257
R0288,2024-06-20,pass,I058,American,13,chain,Lake,365,0,Yes,minor signage issue noted on previous visit,70243
R0289,2024-08-12,minor,I054,Asian,90,chain,McHenry,225,0,No,minor signage issue noted on previous visit,68963
R0290,2024-04-25,pass,I021,Bakery,15,independent,Cook,321,3,Yes,manager certificate expired (renewing),80512
R0291,2024-03-23,pass,I010,Cafe,150,chain,Sangamon,187,4,,minor signage issue noted on previous visit,55408
R0292,2024-11-06,pass,I056,Asian,24,independent,DuPage,127,0,,no complaints filed in past 90 days,113997
R0293,2024-10-03,minor,I034,Mediterranean,55,chain,Sangamon,442,0,,routine check; nothing unusual reported,63811
R0294,2024-12-04,pass,I081,Bakery,61,independent,DuPage,473,0,Yes,manager certificate expired (renewing),64168
R0295,2024-07-22,pass,I061,Bakery,81,chain,Kane,278,0,,,64579
R0296,2024-05-14,pass,I029,Mediterranean,69,independent,Kane,368,0,,,29356
R0297,2024-10-28,pass,I030,Cafe,92,chain,Peoria,431,1,,no complaints filed in past 90 days,47525
R0298,2024-07-21,pass,I005,Cafe,48,independent,DuPage,551,2,Yes,,54470
R0299,2024-03-05,minor,I006,Seafood,106,independent,Kane,494,1,,,103295
R0300,2024-07-17,minor,I072,Seafood,18,chain,Will,60,0,,,55941
R0301,2024-08-02,minor,I015,Seafood,86,independent,DuPage,553,0,No,minor signage issue noted on previous visit,92492
R0302,2024-05-15,pass,I050,Bakery,8,chain,Cook,450,0,,,81727
R0303,2024-07-21,pass,I043,Pizza,97,chain,McHenry,427,0,,manager certificate expired (renewing),56160
R0304,2024-12-22,pass,I088,Mexican,86,independent,Kane,272,1,,,96492
R0305,2024-11-05,pass,I083,Mexican,69,chain,Winnebago,479,1,,minor signage issue noted on previous visit,73425
R0306,2024-06-08,pass,I065,Seafood,22,independent,Peoria,396,0,,routine check; nothing unusual reported,58333
R0307,2024-05-07,pass,I005,Bakery,91,independent,Will,418,0,,minor signage issue noted on previous visit,28000
R0308,2024-05-03,pass,I048,Bakery,107,chain,Kane,562,0,,,55871
R0309,2024-05-12,pass,I012,Mediterranean,71,independent,Lake,374,1,,minor signage issue noted on previous visit,59298
R0310,2024-12-15,minor,I002,Bakery,95,independent,Kane,346,0,,,60297
R0311,2024-12-29,pass,I083,Mediterranean,29,chain,Winnebago,445,0,,manager certificate expired (renewing),43879
R0312,2024-02-22,minor,I001,Cafe,8,chain,Peoria,216,0,Yes,,37906
R0313,2024-05-21,pass,I082,BBQ,77,chain,Lake,257,0,,manager certificate expired (renewing),94158
R0314,2024-11-03,pass,I052,BBQ,22,independent,Cook,60,0,,manager certificate expired (renewing),28000
R0315,2024-01-19,pass,I075,Pizza,29,chain,McHenry,602,0,,,86261
R0316,2024-02-19,pass,I061,Asian,8,chain,Peoria,374,1,,routine check; nothing unusual reported,48055
R0317,2024-06-30,pass,I029,Mediterranean,8,chain,Will,545,0,,minor signage issue noted on previous visit,67396
R0318,2024-10-24,minor,I080,Mexican,67,chain,Lake,60,0,,,61867
R0319,2024-03-18,critical,I018,Pizza,8,chain,Kane,808,0,,refrigerator temperature too high; reading 52F,66600
R0320,2024-03-31,minor,I041,American,20,independent,Winnebago,320,0,,manager certificate expired (renewing),98826
R0321,2024-02-15,pass,I017,Seafood,36,chain,Kendall,228,0,,minor signage issue noted on previous visit,55470
R0322,2024-09-28,pass,I025,American,8,independent,Lake,419,0,No,minor signage issue noted on previous visit,106537
R0323,2024-01-24,pass,I039,Mediterranean,19,chain,Kendall,424,2,,,35943
R0324,2024-04-06,minor,I022,Seafood,122,independent,Lake,448,0,Yes,,124871
R0325,2024-12-30,critical,I084,American,24,independent,Sangamon,546,5,,food held at unsafe temperatures,59497
R0326,2024-08-01,pass,I057,Seafood,54,independent,Peoria,360,0,,,96222
R0327,2024-08-03,pass,I085,Mexican,45,independent,Kendall,243,1,Yes,,54131
R0328,2024-11-07,pass,I026,Mediterranean,120,independent,McHenry,321,0,,manager certificate expired (renewing),44374
R0329,2024-09-03,pass,I043,Pizza,112,independent,Sangamon,369,1,Yes,manager certificate expired (renewing),63602
R0330,2024-05-11,pass,I083,Pizza,46,chain,Will,359,1,,minor signage issue noted on previous visit,69024
R0331,2024-07-03,pass,I087,BBQ,44,independent,Cook,405,1,,,71911
R0332,2024-11-14,pass,I035,Mexican,88,chain,McHenry,439,3,,no complaints filed in past 90 days,82313
R0333,2024-09-01,pass,I054,Asian,100,independent,Kane,546,0,,,33627
R0334,2024-11-08,pass,I049,BBQ,64,independent,Kane,157,2,,minor signage issue noted on previous visit,64701
R0335,2024-12-01,pass,I041,American,45,independent,McHenry,105,0,,,44743
R0336,2024-09-03,pass,I045,Seafood,34,independent,Peoria,558,0,,,42983
R0337,2024-08-28,pass,I064,Asian,96,independent,McHenry,459,3,Yes,,41609
R0338,2024-02-10,pass,I059,Bakery,49,chain,DuPage,486,0,,manager certificate expired (renewing),43224
R0339,2024-02-22,pass,I052,Seafood,103,independent,Sangamon,415,3,,no complaints filed in past 90 days,83803
R0340,2024-08-21,pass,I044,BBQ,31,independent,Lake,455,1,,,45608
R0341,2024-07-05,pass,I058,Mexican,102,independent,McHenry,516,0,,no complaints filed in past 90 days,70549
R0342,2024-02-24,pass,I006,Asian,18,chain,Kane,494,0,,manager certificate expired (renewing),29389
R0343,2024-03-02,pass,I051,Pizza,8,chain,DuPage,448,1,Yes,,65339
R0344,2024-09-15,pass,I018,Bakery,22,independent,Peoria,345,0,,no complaints filed in past 90 days,34177
R0345,2024-03-31,pass,I075,Asian,57,chain,Sangamon,271,0,,minor signage issue noted on previous visit,78840
R0346,2024-12-20,minor,I032,Mediterranean,35,chain,McHenry,559,0,,,57546
R0347,2024-09-19,minor,I039,Cafe,95,independent,Lake,147,0,,,42766
R0348,2024-12-29,pass,I084,Asian,8,chain,DuPage,380,0,,minor signage issue noted on previous visit,33785
R0349,2024-12-11,minor,I069,Mediterranean,86,independent,Peoria,233,0,,routine check; nothing unusual reported,69096
R0350,2024-03-23,pass,I037,Mediterranean,63,independent,Cook,310,1,No,no complaints filed in past 90 days,44866
R0351,2024-12-11,minor,I072,Pizza,57,independent,Peoria,134,1,,,54382
R0352,2024-07-17,pass,I054,BBQ,110,independent,Cook,360,2,,,47187
R0353,2024-04-25,pass,I082,BBQ,61,independent,Lake,138,0,Yes,,67243
R0354,2024-07-12,pass,I006,Seafood,79,chain,Peoria,355,1,No,no complaints filed in past 90 days,74980
R0355,2024-03-20,pass,I006,Asian,102,chain,Winnebago,259,1,,manager certificate expired (renewing),92949
R0356,2024-04-04,pass,I067,Mexican,84,independent,Kendall,188,0,,,56020
R0357,2024-06-18,critical,I047,Mediterranean,71,chain,Peoria,659,1,,minor signage issue noted on previous visit,94661
R0358,2024-11-24,pass,I079,Pizza,62,independent,McHenry,129,0,,routine check; nothing unusual reported,88613
R0359,2024-01-13,pass,I067,BBQ,18,chain,Cook,345,0,,,58100
R0360,2024-10-02,pass,I069,American,73,independent,Lake,216,2,,,28733
R0361,2024-10-02,pass,I056,Mexican,59,chain,McHenry,261,0,Yes,manager certificate expired (renewing),69710
R0362,2024-04-26,pass,I034,Seafood,16,chain,Winnebago,233,0,,routine check; nothing unusual reported,44893
R0363,2024-11-24,pass,I080,Mexican,61,independent,McHenry,126,2,No,routine check; nothing unusual reported,47973
R0364,2024-07-14,pass,I051,American,42,chain,Kane,269,0,,routine check; nothing unusual reported,59513
R0365,2024-11-20,pass,I019,Mediterranean,25,chain,Cook,60,0,,,63579
R0366,2024-10-02,pass,I071,Mexican,62,chain,Lake,360,0,,,28000
R0367,2024-09-19,critical,I019,Asian,79,chain,Lake,593,0,,raw chicken stored above ready-to-eat foods,55290
R0368,2024-10-08,pass,I060,Cafe,55,independent,Will,300,0,,routine check; nothing unusual reported,47268
R0369,2024-07-01,pass,I017,Pizza,99,independent,McHenry,512,0,,no complaints filed in past 90 days,43768
R0370,2024-10-17,pass,I047,BBQ,14,chain,Kane,500,0,,,62502
R0371,2024-07-03,pass,I018,BBQ,88,chain,Will,225,0,Yes,no complaints filed in past 90 days,85733
R0372,2024-10-02,minor,I026,Mediterranean,8,independent,DuPage,637,0,,routine check; nothing unusual reported,35142
R0373,2024-10-29,pass,I028,American,18,chain,Kane,293,0,,no complaints filed in past 90 days,66960
R0374,2024-08-25,pass,I065,Cafe,8,independent,Kendall,347,0,,minor signage issue noted on previous visit,64423
R0375,2024-12-16,pass,I022,Cafe,73,independent,Winnebago,446,2,No,,63972
R0376,2024-12-08,minor,I027,Cafe,87,chain,Kendall,170,0,,,66588
R0377,2024-12-26,pass,I067,Mediterranean,73,independent,Kendall,243,1,,minor signage issue noted on previous visit,38147
R0378,2024-07-11,pass,I029,Cafe,8,chain,McHenry,432,1,,minor signage issue noted on previous visit,43540
R0379,2024-03-12,pass,I057,Asian,65,chain,Lake,579,0,Yes,,49935
R0380,2024-02-28,pass,I062,Bakery,29,chain,Lake,146,0,,,44849
R0381,2024-10-30,pass,I021,Asian,53,independent,Cook,327,0,,,39687
R0382,2024-11-22,pass,I003,Mediterranean,56,independent,Lake,60,2,No,,83676
R0383,2024-10-25,pass,I024,Cafe,54,chain,Winnebago,652,0,No,routine check; nothing unusual reported,54067
R0384,2024-09-15,pass,I088,Seafood,71,independent,Sangamon,533,0,Yes,routine check; nothing unusual reported,76224
R0385,2024-12-03,pass,I017,Cafe,94,chain,Peoria,60,0,,manager certificate expired (renewing),54476
R0386,2024-09-03,pass,I049,BBQ,24,independent,Kendall,501,0,,no complaints filed in past 90 days,80676
R0387,2024-10-05,critical,I053,Mediterranean,80,independent,Sangamon,627,0,,improper handwashing observed,51448
R0388,2024-07-28,pass,I047,Mexican,76,independent,Kendall,285,1,,,48288
R0389,2024-05-21,pass,I088,Seafood,61,chain,Kane,179,0,,manager certificate expired (renewing),61553
R0390,2024-12-27,pass,I051,Asian,89,independent,Lake,101,0,,,73230
R0391,2024-06-22,critical,I071,American,108,independent,DuPage,758,1,,routine check; nothing unusual reported,54362
R0392,2024-07-08,pass,I011,American,51,chain,Kendall,200,1,,routine check; nothing unusual reported,44478
R0393,2024-03-30,pass,I082,Bakery,38,chain,Lake,410,0,,,46106
R0394,2024-01-19,pass,I047,Pizza,57,independent,Kane,488,0,,no complaints filed in past 90 days,71174
R0395,2024-04-12,pass,I067,American,58,independent,Peoria,297,0,,manager certificate expired (renewing),79517
R0396,2024-05-21,minor,I029,Pizza,43,chain,Kendall,240,0,Yes,manager certificate expired (renewing),54238
R0397,2024-06-23,pass,I015,Cafe,128,chain,Winnebago,266,3,,routine check; nothing unusual reported,66633
R0398,2024-08-22,pass,I088,Bakery,8,independent,Winnebago,415,1,,no complaints filed in past 90 days,67490
R0399,2024-04-27,minor,I041,Seafood,100,independent,Will,305,0,No,routine check; nothing unusual reported,107226
R0400,2024-06-30,minor,I028,Mediterranean,97,independent,Lake,244,1,,minor signage issue noted on previous visit,62092
R0401,2024-04-13,pass,I032,BBQ,69,independent,Winnebago,436,0,,,55752
R0402,2024-11-13,pass,I041,Bakery,57,chain,Winnebago,490,0,,,96122
R0403,2024-03-06,minor,I007,Cafe,72,independent,Peoria,169,0,,manager certificate expired (renewing),65940
R0404,2024-09-22,pass,I059,BBQ,21,independent,Cook,284,0,,,42907
R0405,2024-04-05,pass,I071,Mediterranean,63,chain,McHenry,567,0,,manager certificate expired (renewing),29898
R0406,2024-07-24,pass,I036,Bakery,88,independent,Sangamon,525,0,No,manager certificate expired (renewing),83146
R0407,2024-10-11,critical,I056,Seafood,80,independent,Winnebago,669,1,No,no complaints filed in past 90 days,92892
R0408,2024-09-30,pass,I041,Bakery,115,chain,Will,149,0,,no complaints filed in past 90 days,51154
R0409,2024-05-10,minor,I061,Mexican,29,chain,McHenry,415,0,,,61786
R0410,2024-12-13,pass,I078,Pizza,66,independent,Will,199,0,,,87984
R0411,2024-07-14,pass,I079,Mediterranean,8,independent,McHenry,466,0,,manager certificate expired (renewing),28000
R0412,2024-06-24,pass,I030,BBQ,102,chain,Will,304,0,,,32920
R0413,2024-07-04,pass,I076,Cafe,95,independent,Cook,325,0,,routine check; nothing unusual reported,61624
R0414,2024-04-17,critical,I022,Seafood,117,independent,DuPage,705,0,No,thermometer missing in reach-in cooler,79630
R0415,2024-02-12,pass,I014,Mediterranean,49,chain,Will,313,0,,manager certificate expired (renewing),51283
R0416,2024-03-28,pass,I004,American,66,chain,McHenry,497,2,,,43404
R0417,2024-03-10,minor,I070,Asian,27,chain,Peoria,257,1,,,83202
R0418,2024-02-15,pass,I057,Mediterranean,38,chain,Kendall,355,0,,,80678
R0419,2024-06-25,pass,I037,Bakery,8,chain,Winnebago,304,0,,manager certificate expired (renewing),70804
R0420,2024-10-07,pass,I048,Pizza,14,chain,Peoria,239,1,,routine check; nothing unusual reported,68422
R0421,2024-04-22,pass,I034,Mexican,37,chain,Will,427,1,,no complaints filed in past 90 days,60324
R0422,2024-03-10,minor,I038,Mexican,82,chain,Sangamon,97,0,,routine check; nothing unusual reported,71989
R0423,2024-09-30,pass,I003,Asian,88,independent,Winnebago,339,1,,minor signage issue noted on previous visit,76995
R0424,2024-06-08,pass,I064,BBQ,93,chain,Cook,197,3,No,minor signage issue noted on previous visit,99101
R0425,2024-08-28,pass,I024,Pizza,81,chain,Cook,281,0,,routine check; nothing unusual reported,62246
R0426,2024-01-18,pass,I026,Bakery,120,independent,Peoria,303,0,,minor signage issue noted on previous visit,49004
R0427,2024-03-22,pass,I081,American,58,independent,Will,137,0,,,57398
R0428,2024-02-27,pass,I031,Seafood,68,chain,Cook,436,0,,,77354
R0429,2024-01-22,minor,I075,Bakery,52,independent,Lake,268,0,No,minor signage issue noted on previous visit,129968
R0430,2024-01-31,minor,I046,Asian,9,independent,Kane,208,0,,routine check; nothing unusual reported,63465
R0431,2024-08-12,pass,I025,American,47,independent,Will,207,2,,manager certificate expired (renewing),45015
R0432,2024-04-07,pass,I073,Asian,71,chain,McHenry,349,1,,minor signage issue noted on previous visit,44452
R0433,2024-02-05,pass,I068,Asian,8,chain,Winnebago,469,0,,,51783
R0434,2024-07-05,minor,I080,Pizza,75,chain,DuPage,242,0,,routine check; nothing unusual reported,39044
R0435,2024-10-09,pass,I020,Mediterranean,37,independent,DuPage,596,0,Yes,minor signage issue noted on previous visit,64404
R0436,2024-04-08,pass,I013,American,67,chain,Winnebago,88,0,,,56475
R0437,2024-02-06,pass,I002,Pizza,15,independent,Winnebago,60,1,No,,79106
R0438,2024-11-11,pass,I035,Cafe,8,independent,DuPage,401,0,,no complaints filed in past 90 days,54356
R0439,2024-04-28,pass,I069,Seafood,75,independent,Sangamon,569,0,No,manager certificate expired (renewing),61082
R0440,2024-12-11,pass,I059,Seafood,8,independent,Kane,424,0,,manager certificate expired (renewing),35182
R0441,2024-11-03,pass,I057,BBQ,96,chain,McHenry,234,0,,minor signage issue noted on previous visit,70954
R0442,2024-10-06,minor,I028,Seafood,32,chain,McHenry,555,0,,,56281
R0443,2024-11-01,critical,I003,Cafe,108,independent,Will,649,4,,thermometer missing in reach-in cooler,47007
R0444,2024-05-21,pass,I071,Cafe,115,independent,DuPage,529,0,,,66844
R0445,2024-04-29,pass,I033,Mediterranean,89,independent,DuPage,464,1,,routine check; nothing unusual reported,81150
R0446,2024-10-22,pass,I013,Mediterranean,117,independent,Sangamon,134,2,,,87939
R0447,2024-08-10,pass,I054,Mexican,77,independent,Kendall,270,0,,,50025
R0448,2024-12-23,critical,I029,Asian,100,independent,Kendall,660,0,No,food held at unsafe temperatures,55343
R0449,2024-07-20,pass,I019,Asian,39,independent,Peoria,540,0,No,manager certificate expired (renewing),63734
R0450,2024-10-13,pass,I026,Bakery,41,chain,Sangamon,447,1,,no complaints filed in past 90 days,90709
R0451,2024-08-08,pass,I042,Mexican,87,chain,McHenry,485,0,,no complaints filed in past 90 days,40889
R0452,2024-06-28,critical,I079,Bakery,10,independent,Winnebago,684,0,,thermometer missing in reach-in cooler,73303
R0453,2024-02-13,minor,I015,American,62,independent,Will,615,0,,no complaints filed in past 90 days,80413
R0454,2024-04-17,pass,I069,Pizza,84,independent,Peoria,227,0,,,59520
R0455,2024-12-23,pass,I086,American,8,independent,Will,638,0,,routine check; nothing unusual reported,69439
R0456,2024-12-01,minor,I002,Mexican,12,chain,Will,158,0,No,no complaints filed in past 90 days,28000
R0457,2024-11-28,pass,I050,Pizza,101,independent,McHenry,337,0,,minor signage issue noted on previous visit,74466
R0458,2024-10-14,pass,I003,American,72,independent,Peoria,294,1,No,minor signage issue noted on previous visit,86022
R0459,2024-06-03,pass,I031,Cafe,57,chain,Kendall,428,2,,,89515
R0460,2024-03-18,pass,I044,Seafood,68,independent,DuPage,337,1,,no complaints filed in past 90 days,35530
R0461,2024-08-01,minor,I031,Asian,32,chain,Winnebago,434,0,,,79697
R0462,2024-03-11,critical,I040,Cafe,93,independent,Kendall,855,0,,raw chicken stored above ready-to-eat foods,60373
R0463,2024-06-11,pass,I009,Cafe,8,independent,McHenry,305,1,Yes,manager certificate expired (renewing),66387
R0464,2024-07-29,pass,I039,Bakery,8,chain,Kane,380,0,,routine check; nothing unusual reported,51719
R0465,2024-05-16,pass,I078,Pizza,39,independent,McHenry,290,0,,,90331
R0466,2024-11-28,pass,I048,Asian,110,chain,Winnebago,258,0,,,64152
R0467,2024-05-18,pass,I053,Pizza,54,independent,DuPage,60,0,,minor signage issue noted on previous visit,33709
R0468,2024-08-22,pass,I032,Seafood,78,chain,Cook,103,1,,manager certificate expired (renewing),36259
R0469,2024-10-19,pass,I077,Cafe,8,independent,Peoria,306,0,,routine check; nothing unusual reported,94445
R0470,2024-10-02,minor,I051,American,10,chain,Peoria,408,0,,routine check; nothing unusual reported,28000
R0471,2024-05-26,pass,I060,Asian,17,independent,Peoria,481,2,,manager certificate expired (renewing),56181
R0472,2024-04-02,pass,I075,Cafe,47,independent,Kendall,196,0,,no complaints filed in past 90 days,74449
R0473,2024-04-13,critical,I059,Mexican,59,independent,DuPage,641,0,,improper handwashing observed,55815
R0474,2024-09-18,pass,I079,Asian,48,chain,Peoria,139,2,,manager certificate expired (renewing),87648
R0475,2024-03-17,pass,I021,Asian,83,chain,Will,621,0,,routine check; nothing unusual reported,32869
R0476,2024-03-08,minor,I026,American,76,chain,Cook,60,0,No,,73116
R0477,2024-10-28,pass,I085,Bakery,23,independent,Lake,420,2,,manager certificate expired (renewing),33850
R0478,2024-04-04,pass,I019,American,13,chain,Cook,393,0,,manager certificate expired (renewing),66471
R0479,2024-02-14,minor,I007,Mexican,40,chain,Sangamon,421,1,,,36590
R0480,2024-10-23,pass,I047,American,40,independent,Will,195,1,,minor signage issue noted on previous visit,104129
R0481,2024-02-03,pass,I038,Bakery,95,chain,McHenry,572,0,,manager certificate expired (renewing),51893
R0482,2024-11-18,critical,I068,Mexican,14,chain,Sangamon,847,0,,,35999
R0483,2024-09-26,pass,I074,BBQ,103,chain,Peoria,255,1,,no complaints filed in past 90 days,78259
R0484,2024-05-28,pass,I025,American,8,independent,Cook,60,1,,,70594
R0485,2024-07-31,pass,I053,American,37,independent,Cook,564,1,,no complaints filed in past 90 days,61771
R0486,2024-10-08,minor,I042,American,73,independent,McHenry,208,0,Yes,,91659
R0487,2024-06-22,pass,I087,Bakery,114,independent,Winnebago,203,0,,manager certificate expired (renewing),92999
R0488,2024-07-30,minor,I008,Cafe,8,chain,Sangamon,340,0,,manager certificate expired (renewing),43080
R0489,2024-06-30,pass,I009,Asian,58,chain,Peoria,409,1,,,39254
R0490,2024-06-06,critical,I041,American,90,chain,Kendall,680,0,,minor signage issue noted on previous visit,85365
R0491,2024-09-25,pass,I039,Asian,106,independent,DuPage,569,0,No,manager certificate expired (renewing),72524
R0492,2024-09-04,pass,I068,Mediterranean,48,chain,Kane,374,4,,manager certificate expired (renewing),52069
R0493,2024-04-15,minor,I005,Bakery,8,independent,Cook,598,0,Yes,,38937
R0494,2024-12-03,pass,I040,American,123,chain,Lake,314,0,,,74984
R0495,2024-03-01,pass,I035,Asian,69,independent,Lake,439,0,,,55048
R0496,2024-10-20,pass,I032,Asian,143,independent,Will,241,0,No,minor signage issue noted on previous visit,48932
R0497,2024-01-26,minor,I014,Seafood,94,independent,Sangamon,427,2,,no complaints filed in past 90 days,53217
R0498,2024-06-19,minor,I026,Cafe,24,independent,Winnebago,292,1,,routine check; nothing unusual reported,57985
R0499,2024-06-07,pass,I088,Bakery,8,independent,Sangamon,445,0,,,81971
R0500,2024-06-15,pass,I059,Bakery,131,independent,DuPage,199,0,No,no complaints filed in past 90 days,65160
